"","sca","week","n"
"1",803,"2021-11",0
"2",803,"2021-12",6
"3",803,"2021-13",1
"4",803,"2021-14",4
"5",803,"2021-15",2
"6",803,"2021-16",9
"7",803,"2021-17",2
"8",803,"2021-18",3
"9",803,"2021-19",6
"10",803,"2021-20",3
"11",803,"2021-21",3
"12",803,"2021-22",5
"13",803,"2021-23",4
"14",803,"2021-24",3
"15",803,"2021-25",2
"16",803,"2021-26",0
"17",803,"2021-27",2
"18",803,"2021-28",4
"19",803,"2021-29",2
"20",803,"2021-30",2
"21",803,"2021-31",8
"22",803,"2021-32",8
"23",803,"2021-33",1
"24",803,"2021-34",6
"25",803,"2021-35",3
"26",803,"2021-36",5
"27",803,"2021-37",5
"28",803,"2021-38",5
"29",803,"2021-39",3
"30",803,"2021-40",0
"31",803,"2021-41",3
"32",803,"2021-42",3
"33",803,"2021-43",4
"34",803,"2021-44",3
"35",803,"2021-45",5
"36",803,"2021-46",2
"37",803,"2021-47",7
"38",803,"2021-48",2
"39",803,"2021-49",3
"40",803,"2021-50",1
"41",803,"2021-51",6
"42",803,"2021-52",0
"43",803,"2022-00",6
"44",803,"2022-01",3
"45",803,"2022-02",4
"46",803,"2022-03",2
"47",803,"2022-04",2
"48",803,"2022-05",0
"49",803,"2022-06",4
"50",803,"2022-07",1
"51",803,"2022-08",1
"52",803,"2022-09",1
"53",803,"2022-10",4
"54",803,"2022-11",3
"55",803,"2022-12",2
"56",803,"2022-13",0
"57",803,"2022-14",5
"58",803,"2022-15",2
"59",803,"2022-16",3
"60",803,"2022-17",1
"61",803,"2022-18",7
"62",803,"2022-19",4
"63",803,"2022-20",5
"64",803,"2022-21",2
"65",803,"2022-22",2
"66",803,"2022-23",2
"67",803,"2022-24",1
"68",803,"2022-25",4
"69",803,"2022-26",1
"70",803,"2022-27",9
"71",803,"2022-28",3
"72",803,"2022-29",3
"73",803,"2022-30",3
"74",803,"2022-31",4
"75",803,"2022-32",2
"76",803,"2022-33",4
"77",803,"2022-34",4
"78",803,"2022-35",2
"79",803,"2022-36",6
"80",803,"2022-37",1
"81",803,"2022-38",3
"82",803,"2022-39",3
"83",803,"2022-43",3
"84",803,"2022-44",1
"85",803,"2022-45",3
"86",803,"2022-46",1
"87",803,"2022-47",0
"88",803,"2022-48",2
"89",803,"2022-49",3
"90",803,"2022-50",0
"91",803,"2022-51",2
"92",803,"2022-52",1
"93",803,"2023-01",5
"94",803,"2023-02",0
"95",803,"2023-03",1
"96",803,"2023-04",4
"97",803,"2023-05",0
"98",803,"2023-06",0
"99",803,"2023-07",1
"100",803,"2023-08",1
"101",803,"2023-09",3
"102",803,"2023-10",1
"103",803,"2023-11",4
"104",803,"2023-12",3
"105",803,"2023-13",2
"106",803,"2023-14",0
"107",803,"2023-15",2
"108",803,"2023-16",2
"109",803,"2023-17",5
"110",803,"2023-18",2
"111",803,"2023-19",2
"112",803,"2023-20",1
"113",803,"2023-21",4
"114",803,"2023-22",2
"115",803,"2023-23",3
"116",803,"2023-24",1
"117",803,"2023-25",0
"118",803,"2023-26",2
"119",803,"2023-27",4
"120",803,"2023-28",0
"121",803,"2023-29",3
"122",803,"2023-30",2
"123",803,"2023-31",1
"124",803,"2023-32",3
"125",803,"2023-33",2
"126",803,"2023-34",4
"127",803,"2023-35",0
"128",803,"2023-36",2
"129",803,"2023-37",3
"130",803,"2023-38",0
"131",803,"2023-39",3
"132",803,"2023-40",0
"133",803,"2023-41",2
"134",803,"2023-42",3
"135",803,"2023-43",2
"136",803,"2023-44",1
"137",803,"2023-45",2
"138",803,"2023-46",0
"139",803,"2023-47",0
"140",803,"2023-48",1
"141",804,"2021-11",0
"142",804,"2021-12",5
"143",804,"2021-13",2
"144",804,"2021-14",4
"145",804,"2021-15",0
"146",804,"2021-16",2
"147",804,"2021-17",5
"148",804,"2021-18",6
"149",804,"2021-19",2
"150",804,"2021-20",5
"151",804,"2021-21",5
"152",804,"2021-22",1
"153",804,"2021-23",3
"154",804,"2021-24",2
"155",804,"2021-25",4
"156",804,"2021-26",3
"157",804,"2021-27",5
"158",804,"2021-28",3
"159",804,"2021-29",5
"160",804,"2021-30",2
"161",804,"2021-31",8
"162",804,"2021-32",7
"163",804,"2021-33",6
"164",804,"2021-34",6
"165",804,"2021-35",4
"166",804,"2021-36",3
"167",804,"2021-37",3
"168",804,"2021-38",3
"169",804,"2021-39",3
"170",804,"2021-40",7
"171",804,"2021-41",3
"172",804,"2021-42",4
"173",804,"2021-43",0
"174",804,"2021-44",7
"175",804,"2021-45",1
"176",804,"2021-46",1
"177",804,"2021-47",4
"178",804,"2021-48",6
"179",804,"2021-49",4
"180",804,"2021-50",4
"181",804,"2021-51",1
"182",804,"2021-52",1
"183",804,"2022-00",7
"184",804,"2022-01",0
"185",804,"2022-02",2
"186",804,"2022-03",1
"187",804,"2022-04",2
"188",804,"2022-05",2
"189",804,"2022-06",2
"190",804,"2022-07",1
"191",804,"2022-08",3
"192",804,"2022-09",4
"193",804,"2022-10",0
"194",804,"2022-11",2
"195",804,"2022-12",5
"196",804,"2022-13",3
"197",804,"2022-14",6
"198",804,"2022-15",7
"199",804,"2022-16",6
"200",804,"2022-17",2
"201",804,"2022-18",5
"202",804,"2022-19",1
"203",804,"2022-20",5
"204",804,"2022-21",2
"205",804,"2022-22",5
"206",804,"2022-23",3
"207",804,"2022-24",4
"208",804,"2022-25",4
"209",804,"2022-26",1
"210",804,"2022-27",5
"211",804,"2022-28",5
"212",804,"2022-29",1
"213",804,"2022-30",2
"214",804,"2022-31",1
"215",804,"2022-32",5
"216",804,"2022-33",2
"217",804,"2022-34",3
"218",804,"2022-35",2
"219",804,"2022-36",1
"220",804,"2022-37",5
"221",804,"2022-38",6
"222",804,"2022-39",5
"223",804,"2022-43",5
"224",804,"2022-44",4
"225",804,"2022-45",1
"226",804,"2022-46",2
"227",804,"2022-47",1
"228",804,"2022-48",2
"229",804,"2022-49",1
"230",804,"2022-50",2
"231",804,"2022-51",3
"232",804,"2022-52",1
"233",804,"2023-01",7
"234",804,"2023-02",0
"235",804,"2023-03",2
"236",804,"2023-04",2
"237",804,"2023-05",0
"238",804,"2023-06",3
"239",804,"2023-07",1
"240",804,"2023-08",5
"241",804,"2023-09",0
"242",804,"2023-10",2
"243",804,"2023-11",1
"244",804,"2023-12",2
"245",804,"2023-13",3
"246",804,"2023-14",1
"247",804,"2023-15",6
"248",804,"2023-16",3
"249",804,"2023-17",0
"250",804,"2023-18",2
"251",804,"2023-19",6
"252",804,"2023-20",4
"253",804,"2023-21",2
"254",804,"2023-22",8
"255",804,"2023-23",1
"256",804,"2023-24",4
"257",804,"2023-25",3
"258",804,"2023-26",2
"259",804,"2023-27",5
"260",804,"2023-28",2
"261",804,"2023-29",0
"262",804,"2023-30",4
"263",804,"2023-31",4
"264",804,"2023-32",3
"265",804,"2023-33",5
"266",804,"2023-34",3
"267",804,"2023-35",1
"268",804,"2023-36",2
"269",804,"2023-37",3
"270",804,"2023-38",1
"271",804,"2023-39",2
"272",804,"2023-40",3
"273",804,"2023-41",3
"274",804,"2023-42",7
"275",804,"2023-43",3
"276",804,"2023-44",2
"277",804,"2023-45",4
"278",804,"2023-46",0
"279",804,"2023-47",0
"280",804,"2023-48",1
"281",807,"2021-11",1
"282",807,"2021-12",3
"283",807,"2021-13",4
"284",807,"2021-14",4
"285",807,"2021-15",2
"286",807,"2021-16",1
"287",807,"2021-17",5
"288",807,"2021-18",4
"289",807,"2021-19",3
"290",807,"2021-20",9
"291",807,"2021-21",6
"292",807,"2021-22",5
"293",807,"2021-23",4
"294",807,"2021-24",4
"295",807,"2021-25",4
"296",807,"2021-26",4
"297",807,"2021-27",6
"298",807,"2021-28",5
"299",807,"2021-29",2
"300",807,"2021-30",0
"301",807,"2021-31",2
"302",807,"2021-32",4
"303",807,"2021-33",2
"304",807,"2021-34",11
"305",807,"2021-35",2
"306",807,"2021-36",5
"307",807,"2021-37",6
"308",807,"2021-38",5
"309",807,"2021-39",3
"310",807,"2021-40",4
"311",807,"2021-41",5
"312",807,"2021-42",5
"313",807,"2021-43",3
"314",807,"2021-44",7
"315",807,"2021-45",4
"316",807,"2021-46",7
"317",807,"2021-47",7
"318",807,"2021-48",2
"319",807,"2021-49",2
"320",807,"2021-50",0
"321",807,"2021-51",1
"322",807,"2021-52",2
"323",807,"2022-00",2
"324",807,"2022-01",4
"325",807,"2022-02",1
"326",807,"2022-03",2
"327",807,"2022-04",3
"328",807,"2022-05",4
"329",807,"2022-06",4
"330",807,"2022-07",3
"331",807,"2022-08",2
"332",807,"2022-09",1
"333",807,"2022-10",2
"334",807,"2022-11",3
"335",807,"2022-12",0
"336",807,"2022-13",3
"337",807,"2022-14",1
"338",807,"2022-15",9
"339",807,"2022-16",4
"340",807,"2022-17",5
"341",807,"2022-18",10
"342",807,"2022-19",2
"343",807,"2022-20",4
"344",807,"2022-21",4
"345",807,"2022-22",6
"346",807,"2022-23",4
"347",807,"2022-24",1
"348",807,"2022-25",2
"349",807,"2022-26",3
"350",807,"2022-27",1
"351",807,"2022-28",5
"352",807,"2022-29",1
"353",807,"2022-30",4
"354",807,"2022-31",2
"355",807,"2022-32",0
"356",807,"2022-33",4
"357",807,"2022-34",2
"358",807,"2022-35",1
"359",807,"2022-36",3
"360",807,"2022-37",2
"361",807,"2022-38",4
"362",807,"2022-39",2
"363",807,"2022-43",1
"364",807,"2022-44",3
"365",807,"2022-45",0
"366",807,"2022-46",1
"367",807,"2022-47",5
"368",807,"2022-48",6
"369",807,"2022-49",1
"370",807,"2022-50",0
"371",807,"2022-51",1
"372",807,"2022-52",5
"373",807,"2023-01",9
"374",807,"2023-02",0
"375",807,"2023-03",3
"376",807,"2023-04",1
"377",807,"2023-05",2
"378",807,"2023-06",2
"379",807,"2023-07",6
"380",807,"2023-08",0
"381",807,"2023-09",2
"382",807,"2023-10",4
"383",807,"2023-11",1
"384",807,"2023-12",3
"385",807,"2023-13",3
"386",807,"2023-14",4
"387",807,"2023-15",2
"388",807,"2023-16",4
"389",807,"2023-17",1
"390",807,"2023-18",0
"391",807,"2023-19",3
"392",807,"2023-20",0
"393",807,"2023-21",3
"394",807,"2023-22",2
"395",807,"2023-23",3
"396",807,"2023-24",2
"397",807,"2023-25",3
"398",807,"2023-26",5
"399",807,"2023-27",7
"400",807,"2023-28",3
"401",807,"2023-29",1
"402",807,"2023-30",4
"403",807,"2023-31",1
"404",807,"2023-32",1
"405",807,"2023-33",2
"406",807,"2023-34",2
"407",807,"2023-35",2
"408",807,"2023-36",3
"409",807,"2023-37",1
"410",807,"2023-38",1
"411",807,"2023-39",4
"412",807,"2023-40",4
"413",807,"2023-41",5
"414",807,"2023-42",3
"415",807,"2023-43",3
"416",807,"2023-44",5
"417",807,"2023-45",3
"418",807,"2023-46",1
"419",807,"2023-47",1
"420",807,"2023-48",1
"421",808,"2021-11",2
"422",808,"2021-12",4
"423",808,"2021-13",0
"424",808,"2021-14",3
"425",808,"2021-15",4
"426",808,"2021-16",5
"427",808,"2021-17",2
"428",808,"2021-18",6
"429",808,"2021-19",2
"430",808,"2021-20",5
"431",808,"2021-21",1
"432",808,"2021-22",4
"433",808,"2021-23",3
"434",808,"2021-24",2
"435",808,"2021-25",2
"436",808,"2021-26",5
"437",808,"2021-27",3
"438",808,"2021-28",3
"439",808,"2021-29",3
"440",808,"2021-30",4
"441",808,"2021-31",2
"442",808,"2021-32",2
"443",808,"2021-33",2
"444",808,"2021-34",2
"445",808,"2021-35",2
"446",808,"2021-36",5
"447",808,"2021-37",0
"448",808,"2021-38",0
"449",808,"2021-39",3
"450",808,"2021-40",3
"451",808,"2021-41",3
"452",808,"2021-42",1
"453",808,"2021-43",3
"454",808,"2021-44",2
"455",808,"2021-45",2
"456",808,"2021-46",2
"457",808,"2021-47",1
"458",808,"2021-48",3
"459",808,"2021-49",2
"460",808,"2021-50",4
"461",808,"2021-51",3
"462",808,"2021-52",4
"463",808,"2022-00",2
"464",808,"2022-01",1
"465",808,"2022-02",1
"466",808,"2022-03",1
"467",808,"2022-04",1
"468",808,"2022-05",0
"469",808,"2022-06",2
"470",808,"2022-07",2
"471",808,"2022-08",4
"472",808,"2022-09",1
"473",808,"2022-10",5
"474",808,"2022-11",5
"475",808,"2022-12",2
"476",808,"2022-13",3
"477",808,"2022-14",2
"478",808,"2022-15",4
"479",808,"2022-16",2
"480",808,"2022-17",4
"481",808,"2022-18",5
"482",808,"2022-19",2
"483",808,"2022-20",2
"484",808,"2022-21",4
"485",808,"2022-22",3
"486",808,"2022-23",2
"487",808,"2022-24",4
"488",808,"2022-25",2
"489",808,"2022-26",0
"490",808,"2022-27",5
"491",808,"2022-28",2
"492",808,"2022-29",2
"493",808,"2022-30",2
"494",808,"2022-31",6
"495",808,"2022-32",4
"496",808,"2022-33",1
"497",808,"2022-34",2
"498",808,"2022-35",3
"499",808,"2022-36",2
"500",808,"2022-37",3
"501",808,"2022-38",2
"502",808,"2022-39",2
"503",808,"2022-43",3
"504",808,"2022-44",0
"505",808,"2022-45",0
"506",808,"2022-46",4
"507",808,"2022-47",2
"508",808,"2022-48",2
"509",808,"2022-49",3
"510",808,"2022-50",2
"511",808,"2022-51",2
"512",808,"2022-52",2
"513",808,"2023-01",8
"514",808,"2023-02",0
"515",808,"2023-03",3
"516",808,"2023-04",0
"517",808,"2023-05",1
"518",808,"2023-06",1
"519",808,"2023-07",1
"520",808,"2023-08",2
"521",808,"2023-09",1
"522",808,"2023-10",3
"523",808,"2023-11",1
"524",808,"2023-12",6
"525",808,"2023-13",0
"526",808,"2023-14",1
"527",808,"2023-15",3
"528",808,"2023-16",0
"529",808,"2023-17",1
"530",808,"2023-18",1
"531",808,"2023-19",2
"532",808,"2023-20",0
"533",808,"2023-21",3
"534",808,"2023-22",1
"535",808,"2023-23",1
"536",808,"2023-24",6
"537",808,"2023-25",3
"538",808,"2023-26",0
"539",808,"2023-27",1
"540",808,"2023-28",4
"541",808,"2023-29",3
"542",808,"2023-30",2
"543",808,"2023-31",4
"544",808,"2023-32",3
"545",808,"2023-33",1
"546",808,"2023-34",2
"547",808,"2023-35",0
"548",808,"2023-36",1
"549",808,"2023-37",2
"550",808,"2023-38",2
"551",808,"2023-39",2
"552",808,"2023-40",0
"553",808,"2023-41",2
"554",808,"2023-42",1
"555",808,"2023-43",4
"556",808,"2023-44",1
"557",808,"2023-45",4
"558",808,"2023-46",3
"559",808,"2023-47",1
"560",808,"2023-48",1
"561",902,"2021-11",10
"562",902,"2021-12",9
"563",902,"2021-13",11
"564",902,"2021-14",21
"565",902,"2021-15",21
"566",902,"2021-16",11
"567",902,"2021-17",9
"568",902,"2021-18",10
"569",902,"2021-19",8
"570",902,"2021-20",10
"571",902,"2021-21",13
"572",902,"2021-22",16
"573",902,"2021-23",14
"574",902,"2021-24",17
"575",902,"2021-25",14
"576",902,"2021-26",8
"577",902,"2021-27",10
"578",902,"2021-28",9
"579",902,"2021-29",10
"580",902,"2021-30",5
"581",902,"2021-31",9
"582",902,"2021-32",9
"583",902,"2021-33",10
"584",902,"2021-34",11
"585",902,"2021-35",8
"586",902,"2021-36",7
"587",902,"2021-37",8
"588",902,"2021-38",10
"589",902,"2021-39",10
"590",902,"2021-40",7
"591",902,"2021-41",5
"592",902,"2021-42",5
"593",902,"2021-43",6
"594",902,"2021-44",3
"595",902,"2021-45",3
"596",902,"2021-46",10
"597",902,"2021-47",3
"598",902,"2021-48",6
"599",902,"2021-49",9
"600",902,"2021-50",7
"601",902,"2021-51",13
"602",902,"2021-52",7
"603",902,"2022-00",2
"604",902,"2022-01",11
"605",902,"2022-02",11
"606",902,"2022-03",8
"607",902,"2022-04",4
"608",902,"2022-05",4
"609",902,"2022-06",4
"610",902,"2022-07",5
"611",902,"2022-08",8
"612",902,"2022-09",9
"613",902,"2022-10",5
"614",902,"2022-11",5
"615",902,"2022-12",5
"616",902,"2022-13",4
"617",902,"2022-14",3
"618",902,"2022-15",5
"619",902,"2022-16",12
"620",902,"2022-17",13
"621",902,"2022-18",8
"622",902,"2022-19",14
"623",902,"2022-20",7
"624",902,"2022-21",11
"625",902,"2022-22",7
"626",902,"2022-23",9
"627",902,"2022-24",6
"628",902,"2022-25",8
"629",902,"2022-26",4
"630",902,"2022-27",3
"631",902,"2022-28",3
"632",902,"2022-29",4
"633",902,"2022-30",4
"634",902,"2022-31",7
"635",902,"2022-32",5
"636",902,"2022-33",12
"637",902,"2022-34",5
"638",902,"2022-35",4
"639",902,"2022-36",9
"640",902,"2022-37",4
"641",902,"2022-38",1
"642",902,"2022-39",6
"643",902,"2022-43",6
"644",902,"2022-44",5
"645",902,"2022-45",2
"646",902,"2022-46",3
"647",902,"2022-47",3
"648",902,"2022-48",5
"649",902,"2022-49",8
"650",902,"2022-50",3
"651",902,"2022-51",2
"652",902,"2022-52",5
"653",902,"2023-01",5
"654",902,"2023-02",6
"655",902,"2023-03",3
"656",902,"2023-04",2
"657",902,"2023-05",1
"658",902,"2023-06",4
"659",902,"2023-07",1
"660",902,"2023-08",7
"661",902,"2023-09",3
"662",902,"2023-10",5
"663",902,"2023-11",4
"664",902,"2023-12",7
"665",902,"2023-13",2
"666",902,"2023-14",6
"667",902,"2023-15",4
"668",902,"2023-16",8
"669",902,"2023-17",2
"670",902,"2023-18",4
"671",902,"2023-19",5
"672",902,"2023-20",5
"673",902,"2023-21",5
"674",902,"2023-22",3
"675",902,"2023-23",5
"676",902,"2023-24",5
"677",902,"2023-25",3
"678",902,"2023-26",6
"679",902,"2023-27",5
"680",902,"2023-28",4
"681",902,"2023-29",1
"682",902,"2023-30",5
"683",902,"2023-31",3
"684",902,"2023-32",5
"685",902,"2023-33",4
"686",902,"2023-34",0
"687",902,"2023-35",5
"688",902,"2023-36",3
"689",902,"2023-37",2
"690",902,"2023-38",1
"691",902,"2023-39",10
"692",902,"2023-40",1
"693",902,"2023-41",8
"694",902,"2023-42",4
"695",902,"2023-43",12
"696",902,"2023-44",7
"697",902,"2023-45",8
"698",902,"2023-46",11
"699",902,"2023-47",4
"700",902,"2023-48",6
"701",903,"2021-11",7
"702",903,"2021-12",10
"703",903,"2021-13",14
"704",903,"2021-14",19
"705",903,"2021-15",15
"706",903,"2021-16",15
"707",903,"2021-17",21
"708",903,"2021-18",15
"709",903,"2021-19",17
"710",903,"2021-20",15
"711",903,"2021-21",18
"712",903,"2021-22",17
"713",903,"2021-23",20
"714",903,"2021-24",8
"715",903,"2021-25",17
"716",903,"2021-26",9
"717",903,"2021-27",12
"718",903,"2021-28",18
"719",903,"2021-29",11
"720",903,"2021-30",16
"721",903,"2021-31",14
"722",903,"2021-32",15
"723",903,"2021-33",10
"724",903,"2021-34",8
"725",903,"2021-35",12
"726",903,"2021-36",16
"727",903,"2021-37",9
"728",903,"2021-38",12
"729",903,"2021-39",13
"730",903,"2021-40",7
"731",903,"2021-41",11
"732",903,"2021-42",8
"733",903,"2021-43",3
"734",903,"2021-44",10
"735",903,"2021-45",6
"736",903,"2021-46",13
"737",903,"2021-47",6
"738",903,"2021-48",4
"739",903,"2021-49",10
"740",903,"2021-50",12
"741",903,"2021-51",7
"742",903,"2021-52",9
"743",903,"2022-00",9
"744",903,"2022-01",10
"745",903,"2022-02",7
"746",903,"2022-03",6
"747",903,"2022-04",4
"748",903,"2022-05",6
"749",903,"2022-06",6
"750",903,"2022-07",9
"751",903,"2022-08",8
"752",903,"2022-09",8
"753",903,"2022-10",12
"754",903,"2022-11",9
"755",903,"2022-12",7
"756",903,"2022-13",8
"757",903,"2022-14",12
"758",903,"2022-15",7
"759",903,"2022-16",8
"760",903,"2022-17",12
"761",903,"2022-18",7
"762",903,"2022-19",6
"763",903,"2022-20",11
"764",903,"2022-21",5
"765",903,"2022-22",11
"766",903,"2022-23",10
"767",903,"2022-24",8
"768",903,"2022-25",11
"769",903,"2022-26",7
"770",903,"2022-27",5
"771",903,"2022-28",8
"772",903,"2022-29",9
"773",903,"2022-30",11
"774",903,"2022-31",11
"775",903,"2022-32",8
"776",903,"2022-33",9
"777",903,"2022-34",8
"778",903,"2022-35",6
"779",903,"2022-36",5
"780",903,"2022-37",8
"781",903,"2022-38",5
"782",903,"2022-39",8
"783",903,"2022-43",10
"784",903,"2022-44",8
"785",903,"2022-45",7
"786",903,"2022-46",3
"787",903,"2022-47",6
"788",903,"2022-48",4
"789",903,"2022-49",5
"790",903,"2022-50",9
"791",903,"2022-51",5
"792",903,"2022-52",3
"793",903,"2023-01",3
"794",903,"2023-02",7
"795",903,"2023-03",7
"796",903,"2023-04",4
"797",903,"2023-05",1
"798",903,"2023-06",2
"799",903,"2023-07",9
"800",903,"2023-08",2
"801",903,"2023-09",6
"802",903,"2023-10",7
"803",903,"2023-11",8
"804",903,"2023-12",10
"805",903,"2023-13",9
"806",903,"2023-14",12
"807",903,"2023-15",9
"808",903,"2023-16",4
"809",903,"2023-17",13
"810",903,"2023-18",9
"811",903,"2023-19",13
"812",903,"2023-20",5
"813",903,"2023-21",3
"814",903,"2023-22",10
"815",903,"2023-23",4
"816",903,"2023-24",2
"817",903,"2023-25",3
"818",903,"2023-26",4
"819",903,"2023-27",9
"820",903,"2023-28",6
"821",903,"2023-29",5
"822",903,"2023-30",4
"823",903,"2023-31",6
"824",903,"2023-32",6
"825",903,"2023-33",8
"826",903,"2023-34",3
"827",903,"2023-35",2
"828",903,"2023-36",6
"829",903,"2023-37",5
"830",903,"2023-38",3
"831",903,"2023-39",3
"832",903,"2023-40",4
"833",903,"2023-41",2
"834",903,"2023-42",2
"835",903,"2023-43",17
"836",903,"2023-44",7
"837",903,"2023-45",7
"838",903,"2023-46",11
"839",903,"2023-47",2
"840",903,"2023-48",5
"841",906,"2021-11",10
"842",906,"2021-12",19
"843",906,"2021-13",22
"844",906,"2021-14",16
"845",906,"2021-15",14
"846",906,"2021-16",8
"847",906,"2021-17",22
"848",906,"2021-18",12
"849",906,"2021-19",16
"850",906,"2021-20",15
"851",906,"2021-21",15
"852",906,"2021-22",22
"853",906,"2021-23",18
"854",906,"2021-24",17
"855",906,"2021-25",15
"856",906,"2021-26",13
"857",906,"2021-27",16
"858",906,"2021-28",8
"859",906,"2021-29",6
"860",906,"2021-30",13
"861",906,"2021-31",12
"862",906,"2021-32",21
"863",906,"2021-33",16
"864",906,"2021-34",14
"865",906,"2021-35",7
"866",906,"2021-36",16
"867",906,"2021-37",11
"868",906,"2021-38",9
"869",906,"2021-39",9
"870",906,"2021-40",2
"871",906,"2021-41",19
"872",906,"2021-42",11
"873",906,"2021-43",16
"874",906,"2021-44",17
"875",906,"2021-45",8
"876",906,"2021-46",14
"877",906,"2021-47",19
"878",906,"2021-48",11
"879",906,"2021-49",12
"880",906,"2021-50",6
"881",906,"2021-51",9
"882",906,"2021-52",8
"883",906,"2022-00",6
"884",906,"2022-01",12
"885",906,"2022-02",9
"886",906,"2022-03",6
"887",906,"2022-04",4
"888",906,"2022-05",7
"889",906,"2022-06",6
"890",906,"2022-07",6
"891",906,"2022-08",8
"892",906,"2022-09",7
"893",906,"2022-10",5
"894",906,"2022-11",10
"895",906,"2022-12",11
"896",906,"2022-13",9
"897",906,"2022-14",7
"898",906,"2022-15",5
"899",906,"2022-16",3
"900",906,"2022-17",7
"901",906,"2022-18",8
"902",906,"2022-19",8
"903",906,"2022-20",11
"904",906,"2022-21",11
"905",906,"2022-22",14
"906",906,"2022-23",12
"907",906,"2022-24",8
"908",906,"2022-25",4
"909",906,"2022-26",4
"910",906,"2022-27",6
"911",906,"2022-28",8
"912",906,"2022-29",7
"913",906,"2022-30",9
"914",906,"2022-31",8
"915",906,"2022-32",3
"916",906,"2022-33",5
"917",906,"2022-34",9
"918",906,"2022-35",12
"919",906,"2022-36",10
"920",906,"2022-37",5
"921",906,"2022-38",5
"922",906,"2022-39",7
"923",906,"2022-43",9
"924",906,"2022-44",11
"925",906,"2022-45",7
"926",906,"2022-46",13
"927",906,"2022-47",8
"928",906,"2022-48",5
"929",906,"2022-49",2
"930",906,"2022-50",2
"931",906,"2022-51",3
"932",906,"2022-52",3
"933",906,"2023-01",11
"934",906,"2023-02",6
"935",906,"2023-03",4
"936",906,"2023-04",5
"937",906,"2023-05",9
"938",906,"2023-06",8
"939",906,"2023-07",5
"940",906,"2023-08",11
"941",906,"2023-09",5
"942",906,"2023-10",10
"943",906,"2023-11",12
"944",906,"2023-12",7
"945",906,"2023-13",6
"946",906,"2023-14",13
"947",906,"2023-15",7
"948",906,"2023-16",7
"949",906,"2023-17",9
"950",906,"2023-18",4
"951",906,"2023-19",7
"952",906,"2023-20",5
"953",906,"2023-21",11
"954",906,"2023-22",7
"955",906,"2023-23",5
"956",906,"2023-24",10
"957",906,"2023-25",9
"958",906,"2023-26",6
"959",906,"2023-27",9
"960",906,"2023-28",7
"961",906,"2023-29",8
"962",906,"2023-30",7
"963",906,"2023-31",3
"964",906,"2023-32",2
"965",906,"2023-33",9
"966",906,"2023-34",6
"967",906,"2023-35",6
"968",906,"2023-36",5
"969",906,"2023-37",10
"970",906,"2023-38",5
"971",906,"2023-39",8
"972",906,"2023-40",3
"973",906,"2023-41",8
"974",906,"2023-42",7
"975",906,"2023-43",13
"976",906,"2023-44",3
"977",906,"2023-45",9
"978",906,"2023-46",12
"979",906,"2023-47",4
"980",906,"2023-48",3
"981",907,"2021-11",13
"982",907,"2021-12",17
"983",907,"2021-13",19
"984",907,"2021-14",17
"985",907,"2021-15",24
"986",907,"2021-16",25
"987",907,"2021-17",19
"988",907,"2021-18",17
"989",907,"2021-19",18
"990",907,"2021-20",13
"991",907,"2021-21",20
"992",907,"2021-22",27
"993",907,"2021-23",17
"994",907,"2021-24",22
"995",907,"2021-25",14
"996",907,"2021-26",13
"997",907,"2021-27",15
"998",907,"2021-28",20
"999",907,"2021-29",10
"1000",907,"2021-30",13
"1001",907,"2021-31",16
"1002",907,"2021-32",23
"1003",907,"2021-33",17
"1004",907,"2021-34",18
"1005",907,"2021-35",20
"1006",907,"2021-36",22
"1007",907,"2021-37",22
"1008",907,"2021-38",18
"1009",907,"2021-39",24
"1010",907,"2021-40",12
"1011",907,"2021-41",16
"1012",907,"2021-42",16
"1013",907,"2021-43",17
"1014",907,"2021-44",14
"1015",907,"2021-45",9
"1016",907,"2021-46",18
"1017",907,"2021-47",15
"1018",907,"2021-48",10
"1019",907,"2021-49",14
"1020",907,"2021-50",21
"1021",907,"2021-51",22
"1022",907,"2021-52",19
"1023",907,"2022-00",7
"1024",907,"2022-01",13
"1025",907,"2022-02",17
"1026",907,"2022-03",12
"1027",907,"2022-04",14
"1028",907,"2022-05",21
"1029",907,"2022-06",9
"1030",907,"2022-07",8
"1031",907,"2022-08",11
"1032",907,"2022-09",14
"1033",907,"2022-10",7
"1034",907,"2022-11",15
"1035",907,"2022-12",14
"1036",907,"2022-13",14
"1037",907,"2022-14",15
"1038",907,"2022-15",7
"1039",907,"2022-16",17
"1040",907,"2022-17",10
"1041",907,"2022-18",17
"1042",907,"2022-19",18
"1043",907,"2022-20",14
"1044",907,"2022-21",9
"1045",907,"2022-22",21
"1046",907,"2022-23",17
"1047",907,"2022-24",16
"1048",907,"2022-25",7
"1049",907,"2022-26",13
"1050",907,"2022-27",14
"1051",907,"2022-28",8
"1052",907,"2022-29",12
"1053",907,"2022-30",11
"1054",907,"2022-31",13
"1055",907,"2022-32",19
"1056",907,"2022-33",16
"1057",907,"2022-34",20
"1058",907,"2022-35",15
"1059",907,"2022-36",11
"1060",907,"2022-37",7
"1061",907,"2022-38",10
"1062",907,"2022-39",16
"1063",907,"2022-43",15
"1064",907,"2022-44",13
"1065",907,"2022-45",6
"1066",907,"2022-46",13
"1067",907,"2022-47",9
"1068",907,"2022-48",5
"1069",907,"2022-49",14
"1070",907,"2022-50",11
"1071",907,"2022-51",5
"1072",907,"2022-52",3
"1073",907,"2023-01",20
"1074",907,"2023-02",10
"1075",907,"2023-03",9
"1076",907,"2023-04",9
"1077",907,"2023-05",8
"1078",907,"2023-06",8
"1079",907,"2023-07",11
"1080",907,"2023-08",6
"1081",907,"2023-09",15
"1082",907,"2023-10",11
"1083",907,"2023-11",7
"1084",907,"2023-12",10
"1085",907,"2023-13",16
"1086",907,"2023-14",7
"1087",907,"2023-15",16
"1088",907,"2023-16",6
"1089",907,"2023-17",15
"1090",907,"2023-18",17
"1091",907,"2023-19",12
"1092",907,"2023-20",9
"1093",907,"2023-21",11
"1094",907,"2023-22",11
"1095",907,"2023-23",6
"1096",907,"2023-24",15
"1097",907,"2023-25",9
"1098",907,"2023-26",7
"1099",907,"2023-27",11
"1100",907,"2023-28",11
"1101",907,"2023-29",9
"1102",907,"2023-30",7
"1103",907,"2023-31",18
"1104",907,"2023-32",8
"1105",907,"2023-33",6
"1106",907,"2023-34",6
"1107",907,"2023-35",15
"1108",907,"2023-36",10
"1109",907,"2023-37",6
"1110",907,"2023-38",5
"1111",907,"2023-39",6
"1112",907,"2023-40",5
"1113",907,"2023-41",10
"1114",907,"2023-42",12
"1115",907,"2023-43",8
"1116",907,"2023-44",5
"1117",907,"2023-45",9
"1118",907,"2023-46",5
"1119",907,"2023-47",5
"1120",907,"2023-48",4
